-- phpMyAdmin SQL Dump
-- version 4.5.5.1
-- http://www.phpmyadmin.net
--
-- Client :  127.0.0.1
-- Généré le :  Dim 04 Décembre 2016 à 21:14
-- Version du serveur :  5.7.11
-- Version de PHP :  7.0.4

SET SQL_MODE = "NO_AUTO_VALUE_ON_ZERO";
SET time_zone = "+00:00";


/*!40101 SET @OLD_CHARACTER_SET_CLIENT=@@CHARACTER_SET_CLIENT */;
/*!40101 SET @OLD_CHARACTER_SET_RESULTS=@@CHARACTER_SET_RESULTS */;
/*!40101 SET @OLD_COLLATION_CONNECTION=@@COLLATION_CONNECTION */;
/*!40101 SET NAMES utf8mb4 */;

--
-- Base de données :  `changesous`
--

-- --------------------------------------------------------

--
-- Structure de la table `batch`
--

CREATE TABLE `batch` (
  `id` int(11) NOT NULL,
  `dateDebut` datetime NOT NULL,
  `type` varchar(255) COLLATE utf8_unicode_ci NOT NULL,
  `dateFin` datetime DEFAULT NULL,
  `commentaire` longtext COLLATE utf8_unicode_ci
) ENGINE=InnoDB DEFAULT CHARSET=utf8 COLLATE=utf8_unicode_ci;

-- --------------------------------------------------------

--
-- Structure de la table `cours_journee`
--

CREATE TABLE `cours_journee` (
  `id` int(11) NOT NULL,
  `devise_id` int(11) DEFAULT NULL,
  `date` datetime NOT NULL,
  `cours` decimal(10,4) DEFAULT NULL,
  `moyenne_30_jours` decimal(10,4) DEFAULT NULL,
  `moyenne_60_jours` decimal(10,4) DEFAULT NULL,
  `moyenne_90_jours` decimal(10,4) DEFAULT NULL,
  `moyenne_120_jours` decimal(10,4) DEFAULT NULL
) ENGINE=InnoDB DEFAULT CHARSET=utf8 COLLATE=utf8_unicode_ci;

--
-- Contenu de la table `cours_journee`
--

INSERT INTO `cours_journee` (`id`, `devise_id`, `date`, `cours`, `moyenne_30_jours`, `moyenne_60_jours`, `moyenne_90_jours`, `moyenne_120_jours`) VALUES
(1, 1, '2016-10-05 00:00:00', '115.6500', '0.0000', '0.0000', '0.0000', '0.0000'),
(2, 3, '2016-10-05 00:00:00', '8.9872', '0.0000', '0.0000', '0.0000', '0.0000'),
(3, 2, '2016-10-05 00:00:00', '1.1211', '0.0000', '0.0000', '0.0000', '0.0000'),
(4, 1, '2016-10-06 00:00:00', '116.0000', '115.6500', '115.6500', '115.6500', '115.6500'),
(5, 3, '2016-10-06 00:00:00', '8.9938', '8.9872', '8.9872', '8.9872', '8.9872'),
(6, 2, '2016-10-06 00:00:00', '1.1185', '1.1211', '1.1211', '1.1211', '1.1211'),
(7, 1, '2016-10-07 00:00:00', '115.4400', '115.8250', '115.8250', '115.8250', '115.8250'),
(8, 3, '2016-10-07 00:00:00', '9.0010', '8.9905', '8.9905', '8.9905', '8.9905'),
(9, 2, '2016-10-07 00:00:00', '1.1140', '1.1198', '1.1198', '1.1198', '1.1198'),
(10, 1, '2016-10-08 00:00:00', '115.4400', '115.6967', '115.6967', '115.6967', '115.6967'),
(11, 3, '2016-10-08 00:00:00', '9.0010', '8.9940', '8.9940', '8.9940', '8.9940'),
(12, 2, '2016-10-08 00:00:00', '1.1140', '1.1179', '1.1179', '1.1179', '1.1179'),
(13, 1, '2016-10-09 00:00:00', '115.4400', '115.6325', '115.6325', '115.6325', '115.6325'),
(14, 3, '2016-10-09 00:00:00', '9.0010', '8.9958', '8.9958', '8.9958', '8.9958'),
(15, 2, '2016-10-09 00:00:00', '1.1140', '1.1169', '1.1169', '1.1169', '1.1169'),
(16, 1, '2016-10-10 00:00:00', '115.3900', '115.5940', '115.5940', '115.5940', '115.5940'),
(17, 3, '2016-10-10 00:00:00', '9.0448', '8.9968', '8.9968', '8.9968', '8.9968'),
(18, 2, '2016-10-10 00:00:00', '1.1160', '1.1163', '1.1163', '1.1163', '1.1163'),
(19, 1, '2016-10-11 00:00:00', '114.9000', '115.5600', '115.5600', '115.5600', '115.5600'),
(20, 3, '2016-10-11 00:00:00', '9.0395', '9.0048', '9.0048', '9.0048', '9.0048'),
(21, 2, '2016-10-11 00:00:00', '1.1079', '1.1163', '1.1163', '1.1163', '1.1163'),
(22, 1, '2016-10-12 00:00:00', '114.5000', '115.4657', '115.4657', '115.4657', '115.4657'),
(23, 3, '2016-10-12 00:00:00', '9.0290', '9.0098', '9.0098', '9.0098', '9.0098'),
(24, 2, '2016-10-12 00:00:00', '1.1020', '1.1151', '1.1151', '1.1151', '1.1151'),
(25, 1, '2016-10-13 00:00:00', '114.4900', '115.3450', '115.3450', '115.3450', '115.3450'),
(26, 3, '2016-10-13 00:00:00', '9.0768', '9.0122', '9.0122', '9.0122', '9.0122'),
(27, 2, '2016-10-13 00:00:00', '1.1038', '1.1134', '1.1134', '1.1134', '1.1134'),
(28, 1, '2016-10-14 00:00:00', '114.7600', '115.2500', '115.2500', '115.2500', '115.2500'),
(29, 3, '2016-10-14 00:00:00', '9.0248', '9.0193', '9.0193', '9.0193', '9.0193'),
(30, 2, '2016-10-14 00:00:00', '1.1002', '1.1124', '1.1124', '1.1124', '1.1124'),
(31, 1, '2016-10-15 00:00:00', '114.7600', '115.2010', '115.2010', '115.2010', '115.2010'),
(32, 3, '2016-10-15 00:00:00', '9.0248', '9.0199', '9.0199', '9.0199', '9.0199'),
(33, 2, '2016-10-15 00:00:00', '1.1002', '1.1112', '1.1112', '1.1112', '1.1112'),
(34, 1, '2016-10-16 00:00:00', '114.7600', '115.1609', '115.1609', '115.1609', '115.1609'),
(35, 3, '2016-10-16 00:00:00', '9.0248', '9.0203', '9.0203', '9.0203', '9.0203'),
(36, 2, '2016-10-16 00:00:00', '1.1002', '1.1102', '1.1102', '1.1102', '1.1102'),
(37, 1, '2016-10-17 00:00:00', '114.4600', '115.1275', '115.1275', '115.1275', '115.1275'),
(38, 3, '2016-10-17 00:00:00', '9.0315', '9.0207', '9.0207', '9.0207', '9.0207'),
(39, 2, '2016-10-17 00:00:00', '1.0994', '1.1093', '1.1093', '1.1093', '1.1093'),
(40, 1, '2016-10-18 00:00:00', '114.3700', '115.0762', '115.0762', '115.0762', '115.0762'),
(41, 3, '2016-10-18 00:00:00', '8.9565', '9.0215', '9.0215', '9.0215', '9.0215'),
(42, 2, '2016-10-18 00:00:00', '1.0993', '1.1086', '1.1086', '1.1086', '1.1086'),
(43, 1, '2016-10-19 00:00:00', '113.4900', '115.0257', '115.0257', '115.0257', '115.0257'),
(44, 3, '2016-10-19 00:00:00', '8.9585', '9.0169', '9.0169', '9.0169', '9.0169'),
(45, 2, '2016-10-19 00:00:00', '1.0979', '1.1079', '1.1079', '1.1079', '1.1079'),
(46, 1, '2016-10-20 00:00:00', '113.7600', '114.9233', '114.9233', '114.9233', '114.9233'),
(47, 3, '2016-10-20 00:00:00', '8.9625', '9.0130', '9.0130', '9.0130', '9.0130'),
(48, 2, '2016-10-20 00:00:00', '1.0980', '1.1072', '1.1072', '1.1072', '1.1072'),
(49, 1, '2016-10-21 00:00:00', '112.9600', '114.8506', '114.8506', '114.8506', '114.8506'),
(50, 3, '2016-10-21 00:00:00', '8.9538', '9.0098', '9.0098', '9.0098', '9.0098'),
(51, 2, '2016-10-21 00:00:00', '1.0886', '1.1067', '1.1067', '1.1067', '1.1067'),
(52, 1, '2016-10-22 00:00:00', '112.9600', '114.7394', '114.7394', '114.7394', '114.7394'),
(53, 3, '2016-10-22 00:00:00', '8.9538', '9.0065', '9.0065', '9.0065', '9.0065'),
(54, 2, '2016-10-22 00:00:00', '1.0886', '1.1056', '1.1056', '1.1056', '1.1056'),
(55, 1, '2016-10-23 00:00:00', '112.9600', '114.6406', '114.6406', '114.6406', '114.6406'),
(56, 3, '2016-10-23 00:00:00', '8.9538', '9.0036', '9.0036', '9.0036', '9.0036'),
(57, 2, '2016-10-23 00:00:00', '1.0886', '1.1047', '1.1047', '1.1047', '1.1047'),
(58, 1, '2016-10-24 00:00:00', '113.2900', '114.5521', '114.5521', '114.5521', '114.5521'),
(59, 3, '2016-10-24 00:00:00', '8.9855', '9.0010', '9.0010', '9.0010', '9.0010'),
(60, 2, '2016-10-24 00:00:00', '1.0891', '1.1038', '1.1038', '1.1038', '1.1038'),
(61, 1, '2016-10-25 00:00:00', '113.6500', '114.4890', '114.4890', '114.4890', '114.4890'),
(62, 3, '2016-10-25 00:00:00', '8.9868', '9.0002', '9.0002', '9.0002', '9.0002'),
(63, 2, '2016-10-25 00:00:00', '1.0872', '1.1031', '1.1031', '1.1031', '1.1031'),
(64, 1, '2016-10-26 00:00:00', '113.9700', '114.4490', '114.4490', '114.4490', '114.4490'),
(65, 3, '2016-10-26 00:00:00', '9.0425', '8.9996', '8.9996', '8.9996', '8.9996'),
(66, 2, '2016-10-26 00:00:00', '1.0925', '1.1023', '1.1023', '1.1023', '1.1023'),
(67, 1, '2016-10-27 00:00:00', '114.3900', '114.4273', '114.4273', '114.4273', '114.4273'),
(68, 3, '2016-10-27 00:00:00', '8.9858', '9.0015', '9.0015', '9.0015', '9.0015'),
(69, 2, '2016-10-27 00:00:00', '1.0927', '1.1019', '1.1019', '1.1019', '1.1019'),
(70, 1, '2016-10-28 00:00:00', '115.1000', '114.4257', '114.4257', '114.4257', '114.4257'),
(71, 3, '2016-10-28 00:00:00', '9.0445', '9.0008', '9.0008', '9.0008', '9.0008'),
(72, 2, '2016-10-28 00:00:00', '1.0922', '1.1015', '1.1015', '1.1015', '1.1015'),
(73, 1, '2016-10-29 00:00:00', '115.1000', '114.4538', '114.4538', '114.4538', '114.4538'),
(74, 3, '2016-10-29 00:00:00', '9.0445', '9.0027', '9.0027', '9.0027', '9.0027'),
(75, 2, '2016-10-29 00:00:00', '1.0922', '1.1011', '1.1011', '1.1011', '1.1011'),
(76, 1, '2016-10-30 00:00:00', '115.1000', '114.4796', '114.4796', '114.4796', '114.4796'),
(77, 3, '2016-10-30 00:00:00', '9.0445', '9.0043', '9.0043', '9.0043', '9.0043'),
(78, 2, '2016-10-30 00:00:00', '1.0922', '1.1007', '1.1007', '1.1007', '1.1007'),
(79, 1, '2016-10-31 00:00:00', '114.9700', '114.5035', '114.5035', '114.5035', '114.5035'),
(80, 3, '2016-10-31 00:00:00', '9.0345', '9.0059', '9.0059', '9.0059', '9.0059'),
(81, 2, '2016-10-31 00:00:00', '1.0946', '1.1004', '1.1004', '1.1004', '1.1004'),
(82, 1, '2016-11-01 00:00:00', '115.5700', '114.5207', '114.5207', '114.5207', '114.5207'),
(83, 3, '2016-11-01 00:00:00', '9.0213', '9.0069', '9.0069', '9.0069', '9.0069'),
(84, 2, '2016-11-01 00:00:00', '1.1025', '1.1002', '1.1002', '1.1002', '1.1002'),
(85, 1, '2016-11-02 00:00:00', '114.6200', '114.5582', '114.5582', '114.5582', '114.5582'),
(86, 3, '2016-11-02 00:00:00', '9.0735', '9.0075', '9.0075', '9.0075', '9.0075'),
(87, 2, '2016-11-02 00:00:00', '1.1095', '1.1003', '1.1003', '1.1003', '1.1003'),
(88, 1, '2016-11-03 00:00:00', '114.2500', '114.5603', '114.5603', '114.5603', '114.5603'),
(89, 3, '2016-11-03 00:00:00', '9.0575', '9.0097', '9.0097', '9.0097', '9.0097'),
(90, 2, '2016-11-03 00:00:00', '1.1064', '1.1006', '1.1006', '1.1006', '1.1006'),
(91, 1, '2016-11-04 00:00:00', '114.2400', '114.5500', '114.5500', '114.5500', '114.5500'),
(92, 3, '2016-11-04 00:00:00', '9.1098', '9.0113', '9.0113', '9.0113', '9.0113'),
(93, 2, '2016-11-04 00:00:00', '1.1093', '1.1008', '1.1008', '1.1008', '1.1008'),
(94, 1, '2016-11-05 00:00:00', '114.2400', '114.5030', '114.5400', '114.5400', '114.5400'),
(95, 3, '2016-11-05 00:00:00', '9.1098', '9.0154', '9.0145', '9.0145', '9.0145'),
(96, 2, '2016-11-05 00:00:00', '1.1093', '1.1004', '1.1011', '1.1011', '1.1011'),
(97, 1, '2016-11-06 00:00:00', '114.2400', '114.4443', '114.5306', '114.5306', '114.5306'),
(98, 3, '2016-11-06 00:00:00', '9.1098', '9.0193', '9.0175', '9.0175', '9.0175'),
(99, 2, '2016-11-06 00:00:00', '1.1093', '1.1001', '1.1013', '1.1013', '1.1013'),
(100, 1, '2016-11-07 00:00:00', '115.4000', '114.4043', '114.5218', '114.5218', '114.5218'),
(101, 3, '2016-11-07 00:00:00', '9.1035', '9.0229', '9.0203', '9.0203', '9.0203'),
(102, 2, '2016-11-07 00:00:00', '1.1062', '1.0999', '1.1016', '1.1016', '1.1016'),
(103, 1, '2016-11-08 00:00:00', '115.6600', '114.4030', '114.5476', '114.5476', '114.5476'),
(104, 3, '2016-11-08 00:00:00', '9.0753', '9.0263', '9.0227', '9.0227', '9.0227'),
(105, 2, '2016-11-08 00:00:00', '1.1038', '1.0997', '1.1017', '1.1017', '1.1017'),
(106, 1, '2016-11-09 00:00:00', '114.5400', '114.4103', '114.5794', '114.5794', '114.5794'),
(107, 3, '2016-11-09 00:00:00', '9.1193', '9.0288', '9.0242', '9.0242', '9.0242'),
(108, 2, '2016-11-09 00:00:00', '1.1022', '1.0993', '1.1018', '1.1018', '1.1018'),
(109, 1, '2016-11-10 00:00:00', '116.4000', '114.3820', '114.5783', '114.5783', '114.5783'),
(110, 3, '2016-11-10 00:00:00', '9.0733', '9.0313', '9.0269', '9.0269', '9.0269'),
(111, 2, '2016-11-10 00:00:00', '1.0895', '1.0989', '1.1018', '1.1018', '1.1018'),
(112, 1, '2016-11-11 00:00:00', '115.9600', '114.4320', '114.6276', '114.6276', '114.6276'),
(113, 3, '2016-11-11 00:00:00', '9.1148', '9.0324', '9.0281', '9.0281', '9.0281'),
(114, 2, '2016-11-11 00:00:00', '1.0904', '1.0983', '1.1014', '1.1014', '1.1014'),
(115, 1, '2016-11-12 00:00:00', '115.9600', '114.4807', '114.6626', '114.6626', '114.6626'),
(116, 3, '2016-11-12 00:00:00', '9.1148', '9.0353', '9.0304', '9.0304', '9.0304'),
(117, 2, '2016-11-12 00:00:00', '1.0904', '1.0979', '1.1011', '1.1011', '1.1011'),
(118, 1, '2016-11-13 00:00:00', '115.9600', '114.5297', '114.6959', '114.6959', '114.6959'),
(119, 3, '2016-11-13 00:00:00', '9.1148', '9.0365', '9.0326', '9.0326', '9.0326'),
(120, 2, '2016-11-13 00:00:00', '1.0904', '1.0974', '1.1009', '1.1009', '1.1009'),
(121, 1, '2016-11-14 00:00:00', '116.2700', '114.5697', '114.7275', '114.7275', '114.7275'),
(122, 3, '2016-11-14 00:00:00', '9.1350', '9.0395', '9.0346', '9.0346', '9.0346'),
(123, 2, '2016-11-14 00:00:00', '1.0777', '1.0971', '1.1006', '1.1006', '1.1006'),
(124, 1, '2016-11-15 00:00:00', '116.5500', '114.6200', '114.7651', '114.7651', '114.7651'),
(125, 3, '2016-11-15 00:00:00', '9.0848', '9.0432', '9.0371', '9.0371', '9.0371'),
(126, 2, '2016-11-15 00:00:00', '1.0765', '1.0963', '1.1000', '1.1000', '1.1000'),
(127, 1, '2016-11-16 00:00:00', '117.2500', '114.6797', '114.8076', '114.8076', '114.8076'),
(128, 3, '2016-11-16 00:00:00', '9.0720', '9.0452', '9.0382', '9.0382', '9.0382'),
(129, 2, '2016-11-16 00:00:00', '1.0702', '1.0956', '1.0995', '1.0995', '1.0995'),
(130, 1, '2016-11-17 00:00:00', '117.1200', '114.7727', '114.8644', '114.8644', '114.8644'),
(131, 3, '2016-11-17 00:00:00', '9.0878', '9.0466', '9.0390', '9.0390', '9.0390'),
(132, 2, '2016-11-17 00:00:00', '1.0717', '1.0946', '1.0988', '1.0988', '1.0988'),
(133, 1, '2016-11-18 00:00:00', '116.9500', '114.8643', '114.9157', '114.9157', '114.9157'),
(134, 3, '2016-11-18 00:00:00', '9.1038', '9.0509', '9.0401', '9.0401', '9.0401'),
(135, 2, '2016-11-18 00:00:00', '1.0629', '1.0937', '1.0982', '1.0982', '1.0982'),
(136, 1, '2016-11-19 00:00:00', '116.9500', '114.9797', '114.9609', '114.9609', '114.9609'),
(137, 3, '2016-11-19 00:00:00', '9.1038', '9.0558', '9.0415', '9.0415', '9.0415'),
(138, 2, '2016-11-19 00:00:00', '1.0629', '1.0925', '1.0974', '1.0974', '1.0974'),
(139, 1, '2016-11-20 00:00:00', '116.9500', '115.0860', '115.0041', '115.0041', '115.0041'),
(140, 3, '2016-11-20 00:00:00', '9.1038', '9.0605', '9.0429', '9.0429', '9.0429'),
(141, 2, '2016-11-20 00:00:00', '1.0629', '1.0913', '1.0967', '1.0967', '1.0967'),
(142, 1, '2016-11-21 00:00:00', '117.5900', '115.2190', '115.0455', '115.0455', '115.0455'),
(143, 3, '2016-11-21 00:00:00', '9.0843', '9.0655', '9.0442', '9.0442', '9.0442'),
(144, 2, '2016-11-21 00:00:00', '1.0631', '1.0905', '1.0959', '1.0959', '1.0959'),
(145, 1, '2016-11-22 00:00:00', '117.7400', '115.3733', '115.0985', '115.0985', '115.0985'),
(146, 3, '2016-11-22 00:00:00', '9.0563', '9.0698', '9.0450', '9.0450', '9.0450'),
(147, 2, '2016-11-22 00:00:00', '1.0617', '1.0896', '1.0953', '1.0953', '1.0953'),
(148, 1, '2016-11-23 00:00:00', '118.0400', '115.5327', '115.1524', '115.1524', '115.1524'),
(149, 3, '2016-11-23 00:00:00', '9.0680', '9.0733', '9.0452', '9.0452', '9.0452'),
(150, 2, '2016-11-23 00:00:00', '1.0602', '1.0887', '1.0946', '1.0946', '1.0946'),
(151, 1, '2016-11-24 00:00:00', '119.4300', '115.6910', '115.2102', '115.2102', '115.2102'),
(152, 3, '2016-11-24 00:00:00', '9.0858', '9.0760', '9.0457', '9.0457', '9.0457'),
(153, 2, '2016-11-24 00:00:00', '1.0548', '1.0878', '1.0939', '1.0939', '1.0939'),
(154, 1, '2016-11-25 00:00:00', '119.7300', '115.8837', '115.2929', '115.2929', '115.2929'),
(155, 3, '2016-11-25 00:00:00', '9.0690', '9.0793', '9.0465', '9.0465', '9.0465'),
(156, 2, '2016-11-25 00:00:00', '1.0592', '1.0867', '1.0931', '1.0931', '1.0931'),
(157, 1, '2016-11-26 00:00:00', '119.7300', '116.0757', '115.3783', '115.3783', '115.3783'),
(158, 3, '2016-11-26 00:00:00', '9.0690', '9.0802', '9.0469', '9.0469', '9.0469'),
(159, 2, '2016-11-26 00:00:00', '1.0592', '1.0856', '1.0925', '1.0925', '1.0925'),
(160, 1, '2016-11-27 00:00:00', '119.7300', '116.2537', '115.4604', '115.4604', '115.4604'),
(161, 3, '2016-11-27 00:00:00', '9.0690', '9.0830', '9.0473', '9.0473', '9.0473'),
(162, 2, '2016-11-27 00:00:00', '1.0592', '1.0844', '1.0918', '1.0918', '1.0918'),
(163, 1, '2016-11-28 00:00:00', '119.2500', '116.4080', '115.5394', '115.5394', '115.5394'),
(164, 3, '2016-11-28 00:00:00', '9.0848', '9.0838', '9.0477', '9.0477', '9.0477'),
(165, 2, '2016-11-28 00:00:00', '1.0588', '1.0833', '1.0912', '1.0912', '1.0912'),
(166, 1, '2016-11-29 00:00:00', '119.4800', '116.5463', '115.6069', '115.6069', '115.6069'),
(167, 3, '2016-11-29 00:00:00', '9.0765', '9.0851', '9.0484', '9.0484', '9.0484'),
(168, 2, '2016-11-29 00:00:00', '1.0576', '1.0822', '1.0906', '1.0906', '1.0906'),
(169, 1, '2016-11-30 00:00:00', '120.4800', '116.6923', '115.6761', '115.6761', '115.6761'),
(170, 3, '2016-11-30 00:00:00', '9.0190', '9.0862', '9.0489', '9.0489', '9.0489'),
(171, 2, '2016-11-30 00:00:00', '1.0635', '1.0811', '1.0901', '1.0901', '1.0901'),
(172, 1, '2016-12-01 00:00:00', '121.3900', '116.8760', '115.7604', '115.7604', '115.7604'),
(173, 3, '2016-12-01 00:00:00', '8.9628', '9.0857', '9.0484', '9.0484', '9.0484'),
(174, 2, '2016-12-01 00:00:00', '1.0627', '1.0800', '1.0896', '1.0896', '1.0896'),
(175, 1, '2016-12-02 00:00:00', '121.2000', '117.0700', '115.8574', '115.8574', '115.8574'),
(176, 3, '2016-12-02 00:00:00', '8.9860', '9.0837', '9.0469', '9.0469', '9.0469'),
(177, 2, '2016-12-02 00:00:00', '1.0642', '1.0787', '1.0891', '1.0891', '1.0891'),
(178, 1, '2016-12-03 00:00:00', '121.2000', '117.2893', '115.9480', '115.9480', '115.9480'),
(179, 3, '2016-12-03 00:00:00', '8.9860', '9.0808', '9.0459', '9.0459', '9.0459'),
(180, 2, '2016-12-03 00:00:00', '1.0642', '1.0772', '1.0887', '1.0887', '1.0887');

-- --------------------------------------------------------

--
-- Structure de la table `devise`
--

CREATE TABLE `devise` (
  `id` int(11) NOT NULL,
  `label` varchar(255) COLLATE utf8_unicode_ci DEFAULT NULL,
  `code` varchar(5) COLLATE utf8_unicode_ci DEFAULT NULL,
  `code_webservice` varchar(20) COLLATE utf8_unicode_ci DEFAULT NULL,
  `cours_jour` decimal(10,4) DEFAULT NULL,
  `jour` datetime DEFAULT NULL,
  `moyenne_30_jours` decimal(10,4) DEFAULT NULL,
  `moyenne_60_jours` decimal(10,4) DEFAULT NULL,
  `moyenne_90_jours` decimal(10,4) DEFAULT NULL,
  `moyenne_120_jours` decimal(10,4) DEFAULT NULL,
  `symbole` varchar(10) COLLATE utf8_unicode_ci DEFAULT NULL
) ENGINE=InnoDB DEFAULT CHARSET=utf8 COLLATE=utf8_unicode_ci;

--
-- Contenu de la table `devise`
--

INSERT INTO `devise` (`id`, `label`, `code`, `code_webservice`, `cours_jour`, `jour`, `moyenne_30_jours`, `moyenne_60_jours`, `moyenne_90_jours`, `moyenne_120_jours`, `symbole`) VALUES
(1, 'Yen', 'JPY', 'JPY', '121.2000', '2016-12-03 00:00:00', '117.2893', '115.9480', '115.9480', '115.9480', '¥'),
(2, 'Dollars', 'USD', 'USD', '1.0642', '2016-12-03 00:00:00', '1.0772', '1.0887', '1.0887', '1.0887', '$'),
(3, 'Couronne Norvégienne', 'NOK', 'NOK', '8.9860', '2016-12-03 00:00:00', '9.0808', '9.0459', '9.0459', '9.0459', NULL);

-- --------------------------------------------------------

--
-- Structure de la table `news`
--

CREATE TABLE `news` (
  `id` int(11) NOT NULL,
  `date_creation` datetime NOT NULL,
  `titre` varchar(255) COLLATE utf8_unicode_ci NOT NULL,
  `corps` longtext COLLATE utf8_unicode_ci NOT NULL,
  `date_mise_en_ligne` datetime NOT NULL
) ENGINE=InnoDB DEFAULT CHARSET=utf8 COLLATE=utf8_unicode_ci;

--
-- Contenu de la table `news`
--

INSERT INTO `news` (`id`, `date_creation`, `titre`, `corps`, `date_mise_en_ligne`) VALUES
(1, '2016-10-29 00:00:00', 'Run 1 : Configuration technique', '\r\n            <ul>\r\n            <li>Création compte github & configuration</li>\r\n<li>Mise en place de la page Wiki</li>\r\n<li>Mise en place des runs</li>\r\n<li>Installation de PHPstorm</li>\r\n<li>Installation de Symfony</li>\r\n<li>Installation de Bootstrap</li>\r\n<li>Installation de vendors tels que FosUserBundle et FosJsRouting</li>\r\n<li>Mise en place de l\'architecture du projet</li>\r\n</ul>\r\n<br/>\r\nDébut : Samedi 29 Octobre<br/>\r\n<br/>\r\nFin estimé : Jeudi 03 Novembre<br/>\r\n            ', '2016-11-03 00:00:00'),
(2, '2016-11-04 00:00:00', 'Run 2 : Création des entités', '\r\n            <ul>\r\n            <li>Mise en place du modèle objet</li>\r\n<li>Mise en place des fixtures</li>\r\n<li>Système de news</li>\r\n<li>Alimentation par le webservice & enregistrement de la donnée de référence</li>\r\n</ul>\r\n<br/>\r\nDébut : Vendredi 04 Novembre<br/>\r\n<br/>\r\nFin estimé : Dimanche 27 Novembre<br/>\r\n<br/>\r\nFin réel : Mardi 8 Novembre<br/>\r\n            ', '2016-11-08 00:00:00'),
(3, '2016-11-20 00:00:00', 'Run 3 : Visuel des données (Version 0.3)', '\r\n            <ul>\r\n            <li>Mise en place du modèle objet</li>\r\n<li>Affichage des données</li>\r\n<li>Enregistrement des préférences en base</li>\r\n<li>Système d’alerte</li>\r\n</ul>\r\n<br/>\r\nDébut : Mercredi  09 Novembre<br/>\r\n<br/>\r\nFin estimé : Dimanche 11 Décembre<br/>\r\n<br/>\r\nFin réel : Dimanche 20 Novembre<br/>\r\n            ', '2016-11-20 00:00:00'),
(4, '2016-12-04 00:00:00', 'Run 4 : Mise en production (Version 0.4)', '\r\n            <ul>\r\n            <li>Mise en place de l\'hébergement avec une branche master et un serveur de développement</li>\r\n<li>Le serveur de développement est mis en production dès que la branche dev est poussée</li>\r\n<li>Script de mise en production avec backup des données</li>\r\n<li>Mise en place d\'une partie adminitration avec des batchs</li>\r\n<li>Captcha</li>\r\n<li>Modification de l\'UI</li>\r\n</ul>\r\n<br/>\r\nDébut : Lundi 21 Novembre<br/>\r\n<br/>\r\nFin estimé : Dimanche 11 Décembre<br/>\r\n<br/>\r\nFin réel : Dimanche 4 Décembre<br/>\r\n            ', '2016-12-04 00:00:00');

-- --------------------------------------------------------

--
-- Structure de la table `suivi_devise`
--

CREATE TABLE `suivi_devise` (
  `id` int(11) NOT NULL,
  `devise_id` int(11) DEFAULT NULL,
  `user_id` int(11) DEFAULT NULL,
  `seuil_min` decimal(10,2) NOT NULL,
  `seuil_max` decimal(10,2) DEFAULT NULL,
  `date_alerte` datetime DEFAULT NULL
) ENGINE=InnoDB DEFAULT CHARSET=utf8 COLLATE=utf8_unicode_ci;

--
-- Contenu de la table `suivi_devise`
--

INSERT INTO `suivi_devise` (`id`, `devise_id`, `user_id`, `seuil_min`, `seuil_max`, `date_alerte`) VALUES
(1, 1, 1, '110.00', '120.00', NULL);

-- --------------------------------------------------------

--
-- Structure de la table `user`
--

CREATE TABLE `user` (
  `id` int(11) NOT NULL,
  `username` varchar(180) COLLATE utf8_unicode_ci NOT NULL,
  `username_canonical` varchar(180) COLLATE utf8_unicode_ci NOT NULL,
  `email` varchar(180) COLLATE utf8_unicode_ci NOT NULL,
  `email_canonical` varchar(180) COLLATE utf8_unicode_ci NOT NULL,
  `enabled` tinyint(1) NOT NULL,
  `salt` varchar(255) COLLATE utf8_unicode_ci NOT NULL,
  `password` varchar(255) COLLATE utf8_unicode_ci NOT NULL,
  `last_login` datetime DEFAULT NULL,
  `locked` tinyint(1) NOT NULL,
  `expires_at` datetime DEFAULT NULL,
  `confirmation_token` varchar(180) COLLATE utf8_unicode_ci DEFAULT NULL,
  `password_requested_at` datetime DEFAULT NULL,
  `roles` longtext COLLATE utf8_unicode_ci NOT NULL COMMENT '(DC2Type:array)',
  `credentials_expire_at` datetime DEFAULT NULL,
  `send_mail_for_alert` tinyint(1) NOT NULL,
  `jour_avant_relance` smallint(6) NOT NULL,
  `jours_prochaine_alerte` datetime DEFAULT NULL
) ENGINE=InnoDB DEFAULT CHARSET=utf8 COLLATE=utf8_unicode_ci;

--
-- Contenu de la table `user`
--

INSERT INTO `user` (`id`, `username`, `username_canonical`, `email`, `email_canonical`, `enabled`, `salt`, `password`, `last_login`, `locked`, `expires_at`, `confirmation_token`, `password_requested_at`, `roles`, `credentials_expire_at`, `send_mail_for_alert`, `jour_avant_relance`, `jours_prochaine_alerte`) VALUES
(1, 'jcognet@gmail.com', 'jcognet@gmail.com', 'jcognet@gmail.com', 'jcognet@gmail.com', 1, 'j7wmav8e054wk8kgw0gokg8cc4wgkww', '$2y$13$PDeiAhYBiFTShWz5c0flA.fO8Qnu323ZawGLQvoTTK3e/xyAEYnt.', NULL, 0, NULL, NULL, NULL, 'a:1:{i:0;s:16:"ROLE_SUPER_ADMIN";}', NULL, 1, 0, NULL);

--
-- Index pour les tables exportées
--

--
-- Index pour la table `batch`
--
ALTER TABLE `batch`
  ADD PRIMARY KEY (`id`);

--
-- Index pour la table `cours_journee`
--
ALTER TABLE `cours_journee`
  ADD PRIMARY KEY (`id`),
  ADD KEY `IDX_9F11F396F4445056` (`devise_id`);

--
-- Index pour la table `devise`
--
ALTER TABLE `devise`
  ADD PRIMARY KEY (`id`);

--
-- Index pour la table `news`
--
ALTER TABLE `news`
  ADD PRIMARY KEY (`id`);

--
-- Index pour la table `suivi_devise`
--
ALTER TABLE `suivi_devise`
  ADD PRIMARY KEY (`id`),
  ADD KEY `IDX_E129D98DF4445056` (`devise_id`),
  ADD KEY `IDX_E129D98DA76ED395` (`user_id`);

--
-- Index pour la table `user`
--
ALTER TABLE `user`
  ADD PRIMARY KEY (`id`),
  ADD UNIQUE KEY `UNIQ_8D93D64992FC23A8` (`username_canonical`),
  ADD UNIQUE KEY `UNIQ_8D93D649A0D96FBF` (`email_canonical`),
  ADD UNIQUE KEY `UNIQ_8D93D649C05FB297` (`confirmation_token`);

--
-- AUTO_INCREMENT pour les tables exportées
--

--
-- AUTO_INCREMENT pour la table `batch`
--
ALTER TABLE `batch`
  MODIFY `id` int(11) NOT NULL AUTO_INCREMENT;
--
-- AUTO_INCREMENT pour la table `cours_journee`
--
ALTER TABLE `cours_journee`
  MODIFY `id` int(11) NOT NULL AUTO_INCREMENT, AUTO_INCREMENT=181;
--
-- AUTO_INCREMENT pour la table `devise`
--
ALTER TABLE `devise`
  MODIFY `id` int(11) NOT NULL AUTO_INCREMENT, AUTO_INCREMENT=4;
--
-- AUTO_INCREMENT pour la table `news`
--
ALTER TABLE `news`
  MODIFY `id` int(11) NOT NULL AUTO_INCREMENT, AUTO_INCREMENT=5;
--
-- AUTO_INCREMENT pour la table `suivi_devise`
--
ALTER TABLE `suivi_devise`
  MODIFY `id` int(11) NOT NULL AUTO_INCREMENT, AUTO_INCREMENT=2;
--
-- AUTO_INCREMENT pour la table `user`
--
ALTER TABLE `user`
  MODIFY `id` int(11) NOT NULL AUTO_INCREMENT, AUTO_INCREMENT=2;
--
-- Contraintes pour les tables exportées
--

--
-- Contraintes pour la table `cours_journee`
--
ALTER TABLE `cours_journee`
  ADD CONSTRAINT `FK_9F11F396F4445056` FOREIGN KEY (`devise_id`) REFERENCES `devise` (`id`);

--
-- Contraintes pour la table `suivi_devise`
--
ALTER TABLE `suivi_devise`
  ADD CONSTRAINT `FK_E129D98DA76ED395` FOREIGN KEY (`user_id`) REFERENCES `user` (`id`),
  ADD CONSTRAINT `FK_E129D98DF4445056` FOREIGN KEY (`devise_id`) REFERENCES `devise` (`id`);

/*!40101 SET CHARACTER_SET_CLIENT=@OLD_CHARACTER_SET_CLIENT */;
/*!40101 SET CHARACTER_SET_RESULTS=@OLD_CHARACTER_SET_RESULTS */;
/*!40101 SET COLLATION_CONNECTION=@OLD_COLLATION_CONNECTION */;
