
SET SQL_MODE = "NO_AUTO_VALUE_ON_ZERO";
SET time_zone = "+00:00";


/*!40101 SET @OLD_CHARACTER_SET_CLIENT=@@CHARACTER_SET_CLIENT */;
/*!40101 SET @OLD_CHARACTER_SET_RESULTS=@@CHARACTER_SET_RESULTS */;
/*!40101 SET @OLD_COLLATION_CONNECTION=@@COLLATION_CONNECTION */;
/*!40101 SET NAMES utf8mb4 */;


-- --------------------------------------------------------

--
-- Structure de la table `cours_journee`
--

CREATE TABLE `cours_journee` (
  `id` int(11) NOT NULL,
  `devise_id` int(11) DEFAULT NULL,
  `date` datetime NOT NULL,
  `cours` decimal(10,4) DEFAULT NULL,
  `moyenne_30_jours` decimal(10,4) DEFAULT NULL,
  `moyenne_60_jours` decimal(10,4) DEFAULT NULL,
  `moyenne_90_jours` decimal(10,4) DEFAULT NULL,
  `moyenne_120_jours` decimal(10,4) DEFAULT NULL
) ENGINE=InnoDB DEFAULT CHARSET=utf8 COLLATE=utf8_unicode_ci;

--
-- Contenu de la table `cours_journee`
--

INSERT INTO `cours_journee` (`id`, `devise_id`, `date`, `cours`, `moyenne_30_jours`, `moyenne_60_jours`, `moyenne_90_jours`, `moyenne_120_jours`) VALUES
(1, 1, '2016-07-25 00:00:00', '116.6400', '0.0000', '0.0000', '0.0000', '0.0000'),
(2, 3, '2016-07-25 00:00:00', '9.4102', '0.0000', '0.0000', '0.0000', '0.0000'),
(3, 2, '2016-07-25 00:00:00', '1.0982', '0.0000', '0.0000', '0.0000', '0.0000'),
(4, 1, '2016-07-26 00:00:00', '114.6700', '116.6400', '116.6400', '116.6400', '116.6400'),
(5, 3, '2016-07-26 00:00:00', '9.4370', '9.4102', '9.4102', '9.4102', '9.4102'),
(6, 2, '2016-07-26 00:00:00', '1.0997', '1.0982', '1.0982', '1.0982', '1.0982'),
(7, 1, '2016-07-27 00:00:00', '116.2300', '115.6550', '115.6550', '115.6550', '115.6550'),
(8, 3, '2016-07-27 00:00:00', '9.4387', '9.4236', '9.4236', '9.4236', '9.4236'),
(9, 2, '2016-07-27 00:00:00', '1.0991', '1.0990', '1.0990', '1.0990', '1.0990'),
(10, 1, '2016-07-28 00:00:00', '116.1400', '115.8467', '115.8467', '115.8467', '115.8467'),
(11, 3, '2016-07-28 00:00:00', '9.4405', '9.4286', '9.4286', '9.4286', '9.4286'),
(12, 2, '2016-07-28 00:00:00', '1.1090', '1.0990', '1.0990', '1.0990', '1.0990'),
(13, 1, '2016-07-29 00:00:00', '114.8300', '115.9200', '115.9200', '115.9200', '115.9200'),
(14, 3, '2016-07-29 00:00:00', '9.5092', '9.4316', '9.4316', '9.4316', '9.4316'),
(15, 2, '2016-07-29 00:00:00', '1.1113', '1.1015', '1.1015', '1.1015', '1.1015'),
(16, 1, '2016-07-30 00:00:00', '114.8300', '115.7020', '115.7020', '115.7020', '115.7020'),
(17, 3, '2016-07-30 00:00:00', '9.5092', '9.4471', '9.4471', '9.4471', '9.4471'),
(18, 2, '2016-07-30 00:00:00', '1.1113', '1.1035', '1.1035', '1.1035', '1.1035'),
(19, 1, '2016-07-31 00:00:00', '114.8300', '115.5567', '115.5567', '115.5567', '115.5567'),
(20, 3, '2016-07-31 00:00:00', '9.5092', '9.4575', '9.4575', '9.4575', '9.4575'),
(21, 2, '2016-07-31 00:00:00', '1.1113', '1.1048', '1.1048', '1.1048', '1.1048'),
(22, 1, '2016-08-01 00:00:00', '114.2800', '115.4529', '115.4529', '115.4529', '115.4529'),
(23, 3, '2016-08-01 00:00:00', '9.4455', '9.4649', '9.4649', '9.4649', '9.4649'),
(24, 2, '2016-08-01 00:00:00', '1.1164', '1.1057', '1.1057', '1.1057', '1.1057'),
(25, 1, '2016-08-02 00:00:00', '113.7200', '115.3063', '115.3063', '115.3063', '115.3063'),
(26, 3, '2016-08-02 00:00:00', '9.4363', '9.4624', '9.4624', '9.4624', '9.4624'),
(27, 2, '2016-08-02 00:00:00', '1.1193', '1.1070', '1.1070', '1.1070', '1.1070'),
(28, 1, '2016-08-03 00:00:00', '113.2200', '115.1300', '115.1300', '115.1300', '115.1300'),
(29, 3, '2016-08-03 00:00:00', '9.4236', '9.4595', '9.4595', '9.4595', '9.4595'),
(30, 2, '2016-08-03 00:00:00', '1.1200', '1.1084', '1.1084', '1.1084', '1.1084'),
(31, 1, '2016-08-04 00:00:00', '112.6600', '114.9390', '114.9390', '114.9390', '114.9390'),
(32, 3, '2016-08-04 00:00:00', '9.4118', '9.4559', '9.4559', '9.4559', '9.4559'),
(33, 2, '2016-08-04 00:00:00', '1.1136', '1.1096', '1.1096', '1.1096', '1.1096'),
(34, 1, '2016-08-05 00:00:00', '112.7300', '114.7318', '114.7318', '114.7318', '114.7318'),
(35, 3, '2016-08-05 00:00:00', '9.4022', '9.4519', '9.4519', '9.4519', '9.4519'),
(36, 2, '2016-08-05 00:00:00', '1.1156', '1.1099', '1.1099', '1.1099', '1.1099'),
(37, 1, '2016-08-06 00:00:00', '112.7300', '114.5650', '114.5650', '114.5650', '114.5650'),
(38, 3, '2016-08-06 00:00:00', '9.4022', '9.4478', '9.4478', '9.4478', '9.4478'),
(39, 2, '2016-08-06 00:00:00', '1.1156', '1.1104', '1.1104', '1.1104', '1.1104'),
(40, 1, '2016-08-07 00:00:00', '112.7300', '114.4238', '114.4238', '114.4238', '114.4238'),
(41, 3, '2016-08-07 00:00:00', '9.4022', '9.4443', '9.4443', '9.4443', '9.4443'),
(42, 2, '2016-08-07 00:00:00', '1.1156', '1.1108', '1.1108', '1.1108', '1.1108'),
(43, 1, '2016-08-08 00:00:00', '113.5900', '114.3029', '114.3029', '114.3029', '114.3029'),
(44, 3, '2016-08-08 00:00:00', '9.4065', '9.4413', '9.4413', '9.4413', '9.4413'),
(45, 2, '2016-08-08 00:00:00', '1.1087', '1.1111', '1.1111', '1.1111', '1.1111'),
(46, 1, '2016-08-09 00:00:00', '113.2700', '114.2553', '114.2553', '114.2553', '114.2553'),
(47, 3, '2016-08-09 00:00:00', '9.3570', '9.4390', '9.4390', '9.4390', '9.4390'),
(48, 2, '2016-08-09 00:00:00', '1.1078', '1.1110', '1.1110', '1.1110', '1.1110'),
(49, 1, '2016-08-10 00:00:00', '113.0900', '114.1938', '114.1938', '114.1938', '114.1938'),
(50, 3, '2016-08-10 00:00:00', '9.2571', '9.4338', '9.4338', '9.4338', '9.4338'),
(51, 2, '2016-08-10 00:00:00', '1.1184', '1.1108', '1.1108', '1.1108', '1.1108'),
(52, 1, '2016-08-11 00:00:00', '113.0500', '114.1288', '114.1288', '114.1288', '114.1288'),
(53, 3, '2016-08-11 00:00:00', '9.2293', '9.4234', '9.4234', '9.4234', '9.4234'),
(54, 2, '2016-08-11 00:00:00', '1.1153', '1.1112', '1.1112', '1.1112', '1.1112'),
(55, 1, '2016-08-12 00:00:00', '113.7700', '114.0689', '114.0689', '114.0689', '114.0689'),
(56, 3, '2016-08-12 00:00:00', '9.1635', '9.4127', '9.4127', '9.4127', '9.4127'),
(57, 2, '2016-08-12 00:00:00', '1.1158', '1.1115', '1.1115', '1.1115', '1.1115'),
(58, 1, '2016-08-13 00:00:00', '113.7700', '114.0532', '114.0532', '114.0532', '114.0532'),
(59, 3, '2016-08-13 00:00:00', '9.1635', '9.3995', '9.3995', '9.3995', '9.3995'),
(60, 2, '2016-08-13 00:00:00', '1.1158', '1.1117', '1.1117', '1.1117', '1.1117'),
(61, 1, '2016-08-14 00:00:00', '113.7700', '114.0390', '114.0390', '114.0390', '114.0390'),
(62, 3, '2016-08-14 00:00:00', '9.1635', '9.3877', '9.3877', '9.3877', '9.3877'),
(63, 2, '2016-08-14 00:00:00', '1.1158', '1.1119', '1.1119', '1.1119', '1.1119'),
(64, 1, '2016-08-15 00:00:00', '112.9700', '114.0262', '114.0262', '114.0262', '114.0262'),
(65, 3, '2016-08-15 00:00:00', '9.1752', '9.3771', '9.3771', '9.3771', '9.3771'),
(66, 2, '2016-08-15 00:00:00', '1.1180', '1.1121', '1.1121', '1.1121', '1.1121'),
(67, 1, '2016-08-16 00:00:00', '112.7400', '113.9782', '113.9782', '113.9782', '113.9782'),
(68, 3, '2016-08-16 00:00:00', '9.2101', '9.3679', '9.3679', '9.3679', '9.3679'),
(69, 2, '2016-08-16 00:00:00', '1.1295', '1.1123', '1.1123', '1.1123', '1.1123'),
(70, 1, '2016-08-17 00:00:00', '113.5300', '113.9243', '113.9243', '113.9243', '113.9243'),
(71, 3, '2016-08-17 00:00:00', '9.2812', '9.3610', '9.3610', '9.3610', '9.3610'),
(72, 2, '2016-08-17 00:00:00', '1.1276', '1.1131', '1.1131', '1.1131', '1.1131'),
(73, 1, '2016-08-18 00:00:00', '113.6000', '113.9079', '113.9079', '113.9079', '113.9079'),
(74, 3, '2016-08-18 00:00:00', '9.2389', '9.3577', '9.3577', '9.3577', '9.3577'),
(75, 2, '2016-08-18 00:00:00', '1.1321', '1.1137', '1.1137', '1.1137', '1.1137'),
(76, 1, '2016-08-19 00:00:00', '113.5300', '113.8956', '113.8956', '113.8956', '113.8956'),
(77, 3, '2016-08-19 00:00:00', '9.3048', '9.3529', '9.3529', '9.3529', '9.3529'),
(78, 2, '2016-08-19 00:00:00', '1.1326', '1.1144', '1.1144', '1.1144', '1.1144'),
(79, 1, '2016-08-20 00:00:00', '113.5300', '113.8815', '113.8815', '113.8815', '113.8815'),
(80, 3, '2016-08-20 00:00:00', '9.3048', '9.3511', '9.3511', '9.3511', '9.3511'),
(81, 2, '2016-08-20 00:00:00', '1.1326', '1.1151', '1.1151', '1.1151', '1.1151'),
(82, 1, '2016-08-21 00:00:00', '113.5300', '113.8685', '113.8685', '113.8685', '113.8685'),
(83, 3, '2016-08-21 00:00:00', '9.3048', '9.3494', '9.3494', '9.3494', '9.3494'),
(84, 2, '2016-08-21 00:00:00', '1.1326', '1.1158', '1.1158', '1.1158', '1.1158'),
(85, 1, '2016-08-22 00:00:00', '113.7300', '113.8564', '113.8564', '113.8564', '113.8564'),
(86, 3, '2016-08-22 00:00:00', '9.3281', '9.3478', '9.3478', '9.3478', '9.3478'),
(87, 2, '2016-08-22 00:00:00', '1.1306', '1.1164', '1.1164', '1.1164', '1.1164'),
(88, 1, '2016-08-23 00:00:00', '113.4800', '113.8521', '113.8521', '113.8521', '113.8521'),
(89, 3, '2016-08-23 00:00:00', '9.2875', '9.3471', '9.3471', '9.3471', '9.3471'),
(90, 2, '2016-08-23 00:00:00', '1.1339', '1.1169', '1.1169', '1.1169', '1.1169'),
(91, 1, '2016-08-24 00:00:00', '112.9500', '113.8397', '113.8397', '113.8397', '113.8397'),
(92, 3, '2016-08-24 00:00:00', '9.2460', '9.3451', '9.3451', '9.3451', '9.3451'),
(93, 2, '2016-08-24 00:00:00', '1.1268', '1.1174', '1.1174', '1.1174', '1.1174'),
(94, 1, '2016-08-25 00:00:00', '113.4500', '113.7167', '113.8110', '113.8110', '113.8110'),
(95, 3, '2016-08-25 00:00:00', '9.2771', '9.3396', '9.3419', '9.3419', '9.3419'),
(96, 2, '2016-08-25 00:00:00', '1.1290', '1.1184', '1.1177', '1.1177', '1.1177'),
(97, 1, '2016-08-26 00:00:00', '113.3300', '113.6760', '113.7997', '113.7997', '113.7997'),
(98, 3, '2016-08-26 00:00:00', '9.2501', '9.3343', '9.3399', '9.3399', '9.3399'),
(99, 2, '2016-08-26 00:00:00', '1.1290', '1.1194', '1.1181', '1.1181', '1.1181'),
(100, 1, '2016-08-27 00:00:00', '113.3300', '113.5793', '113.7855', '113.7855', '113.7855'),
(101, 3, '2016-08-27 00:00:00', '9.2501', '9.3280', '9.3372', '9.3372', '9.3372'),
(102, 2, '2016-08-27 00:00:00', '1.1290', '1.1204', '1.1184', '1.1184', '1.1184'),
(103, 1, '2016-08-28 00:00:00', '113.3300', '113.4857', '113.7721', '113.7721', '113.7721'),
(104, 3, '2016-08-28 00:00:00', '9.2501', '9.3217', '9.3346', '9.3346', '9.3346'),
(105, 2, '2016-08-28 00:00:00', '1.1290', '1.1210', '1.1187', '1.1187', '1.1187'),
(106, 1, '2016-08-29 00:00:00', '114.2400', '113.4357', '113.7594', '113.7594', '113.7594'),
(107, 3, '2016-08-29 00:00:00', '9.2731', '9.3130', '9.3322', '9.3322', '9.3322'),
(108, 2, '2016-08-29 00:00:00', '1.1170', '1.1216', '1.1190', '1.1190', '1.1190'),
(109, 1, '2016-08-30 00:00:00', '114.2700', '113.4160', '113.7728', '113.7728', '113.7728'),
(110, 3, '2016-08-30 00:00:00', '9.2873', '9.3052', '9.3306', '9.3306', '9.3306'),
(111, 2, '2016-08-30 00:00:00', '1.1168', '1.1218', '1.1190', '1.1190', '1.1190'),
(112, 1, '2016-08-31 00:00:00', '115.0100', '113.3973', '113.7862', '113.7862', '113.7862'),
(113, 3, '2016-08-31 00:00:00', '9.2765', '9.2978', '9.3294', '9.3294', '9.3294'),
(114, 2, '2016-08-31 00:00:00', '1.1132', '1.1220', '1.1189', '1.1189', '1.1189'),
(115, 1, '2016-09-01 00:00:00', '115.5900', '113.4217', '113.8184', '113.8184', '113.8184'),
(116, 3, '2016-09-01 00:00:00', '9.3050', '9.2921', '9.3280', '9.3280', '9.3280'),
(117, 2, '2016-09-01 00:00:00', '1.1146', '1.1219', '1.1188', '1.1188', '1.1188'),
(118, 1, '2016-09-02 00:00:00', '115.8300', '113.4840', '113.8638', '113.8638', '113.8638'),
(119, 3, '2016-09-02 00:00:00', '9.3170', '9.2878', '9.3274', '9.3274', '9.3274'),
(120, 2, '2016-09-02 00:00:00', '1.1193', '1.1217', '1.1187', '1.1187', '1.1187'),
(121, 1, '2016-09-03 00:00:00', '115.8300', '113.5710', '113.9130', '113.9130', '113.9130'),
(122, 3, '2016-09-03 00:00:00', '9.3170', '9.2842', '9.3271', '9.3271', '9.3271'),
(123, 2, '2016-09-03 00:00:00', '1.1193', '1.1217', '1.1187', '1.1187', '1.1187'),
(124, 1, '2016-09-04 00:00:00', '115.8300', '113.6767', '113.9598', '113.9598', '113.9598'),
(125, 3, '2016-09-04 00:00:00', '9.3170', '9.2811', '9.3269', '9.3269', '9.3269'),
(126, 2, '2016-09-04 00:00:00', '1.1193', '1.1219', '1.1187', '1.1187', '1.1187'),
(127, 1, '2016-09-05 00:00:00', '115.2400', '113.7800', '114.0043', '114.0043', '114.0043'),
(128, 3, '2016-09-05 00:00:00', '9.2458', '9.2782', '9.3267', '9.3267', '9.3267'),
(129, 2, '2016-09-05 00:00:00', '1.1156', '1.1220', '1.1187', '1.1187', '1.1187'),
(130, 1, '2016-09-06 00:00:00', '115.3900', '113.8637', '114.0330', '114.0330', '114.0330'),
(131, 3, '2016-09-06 00:00:00', '9.2113', '9.2730', '9.3248', '9.3248', '9.3248'),
(132, 2, '2016-09-06 00:00:00', '1.1159', '1.1220', '1.1186', '1.1186', '1.1186'),
(133, 1, '2016-09-07 00:00:00', '114.2300', '113.9523', '114.0639', '114.0639', '114.0639'),
(134, 3, '2016-09-07 00:00:00', '9.1943', '9.2666', '9.3222', '9.3222', '9.3222'),
(135, 2, '2016-09-07 00:00:00', '1.1237', '1.1220', '1.1186', '1.1186', '1.1186'),
(136, 1, '2016-09-08 00:00:00', '114.8000', '113.9737', '114.0676', '114.0676', '114.0676'),
(137, 3, '2016-09-08 00:00:00', '9.1950', '9.2596', '9.3194', '9.3194', '9.3194'),
(138, 2, '2016-09-08 00:00:00', '1.1296', '1.1225', '1.1187', '1.1187', '1.1187'),
(139, 1, '2016-09-09 00:00:00', '115.8500', '114.0247', '114.0835', '114.0835', '114.0835'),
(140, 3, '2016-09-09 00:00:00', '9.2470', '9.2542', '9.3167', '9.3167', '9.3167'),
(141, 2, '2016-09-09 00:00:00', '1.1268', '1.1233', '1.1189', '1.1189', '1.1189'),
(142, 1, '2016-09-10 00:00:00', '115.8500', '114.1167', '114.1211', '114.1211', '114.1211'),
(143, 3, '2016-09-10 00:00:00', '9.2470', '9.2538', '9.3152', '9.3152', '9.3152'),
(144, 2, '2016-09-10 00:00:00', '1.1268', '1.1235', '1.1191', '1.1191', '1.1191'),
(145, 1, '2016-09-11 00:00:00', '115.8500', '114.2100', '114.1571', '114.1571', '114.1571'),
(146, 3, '2016-09-11 00:00:00', '9.2470', '9.2544', '9.3138', '9.3138', '9.3138'),
(147, 2, '2016-09-11 00:00:00', '1.1268', '1.1239', '1.1192', '1.1192', '1.1192'),
(148, 1, '2016-09-12 00:00:00', '114.3800', '114.2793', '114.1916', '114.1916', '114.1916'),
(149, 3, '2016-09-12 00:00:00', '9.2713', '9.2572', '9.3124', '9.3124', '9.3124'),
(150, 2, '2016-09-12 00:00:00', '1.1226', '1.1243', '1.1194', '1.1194', '1.1194'),
(151, 1, '2016-09-13 00:00:00', '114.9800', '114.2997', '114.1954', '114.1954', '114.1954'),
(152, 3, '2016-09-13 00:00:00', '9.2315', '9.2608', '9.3116', '9.3116', '9.3116'),
(153, 2, '2016-09-13 00:00:00', '1.1247', '1.1245', '1.1195', '1.1195', '1.1195'),
(154, 1, '2016-09-14 00:00:00', '115.3700', '114.3400', '114.2108', '114.2108', '114.2108'),
(155, 3, '2016-09-14 00:00:00', '9.2748', '9.2631', '9.3100', '9.3100', '9.3100'),
(156, 2, '2016-09-14 00:00:00', '1.1218', '1.1248', '1.1196', '1.1196', '1.1196'),
(157, 1, '2016-09-15 00:00:00', '114.9800', '114.4200', '114.2331', '114.2331', '114.2331'),
(158, 3, '2016-09-15 00:00:00', '9.2648', '9.2664', '9.3093', '9.3093', '9.3093'),
(159, 2, '2016-09-15 00:00:00', '1.1254', '1.1249', '1.1196', '1.1196', '1.1196'),
(160, 1, '2016-09-16 00:00:00', '114.3500', '114.4947', '114.2472', '114.2472', '114.2472'),
(161, 3, '2016-09-16 00:00:00', '9.2625', '9.2682', '9.3085', '9.3085', '9.3085'),
(162, 2, '2016-09-16 00:00:00', '1.1226', '1.1248', '1.1197', '1.1197', '1.1197'),
(163, 1, '2016-09-17 00:00:00', '114.3500', '114.5220', '114.2491', '114.2491', '114.2491'),
(164, 3, '2016-09-17 00:00:00', '9.2625', '9.2676', '9.3076', '9.3076', '9.3076'),
(165, 2, '2016-09-17 00:00:00', '1.1226', '1.1246', '1.1198', '1.1198', '1.1198'),
(166, 1, '2016-09-18 00:00:00', '114.3500', '114.5470', '114.2509', '114.2509', '114.2509'),
(167, 3, '2016-09-18 00:00:00', '9.2625', '9.2684', '9.3068', '9.3068', '9.3068'),
(168, 2, '2016-09-18 00:00:00', '1.1226', '1.1243', '1.1198', '1.1198', '1.1198'),
(169, 1, '2016-09-19 00:00:00', '113.6500', '114.5743', '114.2527', '114.2527', '114.2527'),
(170, 3, '2016-09-19 00:00:00', '9.2505', '9.2670', '9.3060', '9.3060', '9.3060'),
(171, 2, '2016-09-19 00:00:00', '1.1165', '1.1240', '1.1199', '1.1199', '1.1199'),
(172, 1, '2016-09-20 00:00:00', '113.9300', '114.5783', '114.2421', '114.2421', '114.2421'),
(173, 3, '2016-09-20 00:00:00', '9.2648', '9.2652', '9.3050', '9.3050', '9.3050'),
(174, 2, '2016-09-20 00:00:00', '1.1184', '1.1234', '1.1198', '1.1198', '1.1198'),
(175, 1, '2016-09-21 00:00:00', '112.4900', '114.5917', '114.2367', '114.2367', '114.2367'),
(176, 3, '2016-09-21 00:00:00', '9.2318', '9.2638', '9.3044', '9.3044', '9.3044'),
(177, 2, '2016-09-21 00:00:00', '1.1150', '1.1230', '1.1198', '1.1198', '1.1198'),
(178, 1, '2016-09-22 00:00:00', '113.1900', '114.5503', '114.2071', '114.2071', '114.2071'),
(179, 3, '2016-09-22 00:00:00', '9.1073', '9.2606', '9.3031', '9.3031', '9.3031'),
(180, 2, '2016-09-22 00:00:00', '1.1238', '1.1225', '1.1197', '1.1197', '1.1197'),
(181, 1, '2016-09-23 00:00:00', '113.0200', '114.5407', '114.1902', '114.1902', '114.1902'),
(182, 3, '2016-09-23 00:00:00', '9.1028', '9.2546', '9.2999', '9.2999', '9.2999'),
(183, 2, '2016-09-23 00:00:00', '1.1214', '1.1221', '1.1198', '1.1198', '1.1198'),
(184, 1, '2016-09-24 00:00:00', '113.0200', '114.5430', '114.1298', '114.1710', '114.1710'),
(185, 3, '2016-09-24 00:00:00', '9.1028', '9.2498', '9.2947', '9.2966', '9.2966'),
(186, 2, '2016-09-24 00:00:00', '1.1214', '1.1219', '1.1202', '1.1198', '1.1198'),
(187, 1, '2016-09-25 00:00:00', '113.0200', '114.5287', '114.1023', '114.1524', '114.1524'),
(188, 3, '2016-09-25 00:00:00', '9.1028', '9.2440', '9.2892', '9.2935', '9.2935'),
(189, 2, '2016-09-25 00:00:00', '1.1214', '1.1217', '1.1205', '1.1198', '1.1198'),
(190, 1, '2016-09-26 00:00:00', '113.1100', '114.5183', '114.0488', '114.1344', '114.1344'),
(191, 3, '2016-09-26 00:00:00', '9.1318', '9.2391', '9.2836', '9.2905', '9.2905'),
(192, 2, '2016-09-26 00:00:00', '1.1262', '1.1214', '1.1209', '1.1199', '1.1199'),
(193, 1, '2016-09-27 00:00:00', '112.5200', '114.5110', '113.9983', '114.1184', '114.1184'),
(194, 3, '2016-09-27 00:00:00', '9.1108', '9.2352', '9.2784', '9.2880', '9.2880'),
(195, 2, '2016-09-27 00:00:00', '1.1220', '1.1213', '1.1212', '1.1200', '1.1200'),
(196, 1, '2016-09-28 00:00:00', '112.9300', '114.4840', '113.9598', '114.0938', '114.0938'),
(197, 3, '2016-09-28 00:00:00', '9.0888', '9.2305', '9.2718', '9.2853', '9.2853'),
(198, 2, '2016-09-28 00:00:00', '1.1225', '1.1211', '1.1214', '1.1200', '1.1200'),
(199, 1, '2016-09-29 00:00:00', '113.8800', '114.4403', '113.9282', '114.0762', '114.0762'),
(200, 3, '2016-09-29 00:00:00', '9.0403', '9.2244', '9.2648', '9.2823', '9.2823'),
(201, 2, '2016-09-29 00:00:00', '1.1221', '1.1213', '1.1215', '1.1200', '1.1200'),
(202, 1, '2016-09-30 00:00:00', '113.0900', '114.4273', '113.9123', '114.0733', '114.0733'),
(203, 3, '2016-09-30 00:00:00', '8.9865', '9.2161', '9.2570', '9.2787', '9.2787'),
(204, 2, '2016-09-30 00:00:00', '1.1161', '1.1215', '1.1217', '1.1201', '1.1201'),
(205, 1, '2016-10-01 00:00:00', '113.0900', '114.3633', '113.8925', '114.0588', '114.0588'),
(206, 3, '2016-10-01 00:00:00', '8.9865', '9.2065', '9.2493', '9.2744', '9.2744'),
(207, 2, '2016-10-01 00:00:00', '1.1161', '1.1216', '1.1217', '1.1200', '1.1200'),
(208, 1, '2016-10-02 00:00:00', '113.0900', '114.2800', '113.8820', '114.0448', '114.0448'),
(209, 3, '2016-10-02 00:00:00', '8.9865', '9.1959', '9.2418', '9.2702', '9.2702'),
(210, 2, '2016-10-02 00:00:00', '1.1161', '1.1216', '1.1217', '1.1199', '1.1199'),
(211, 1, '2016-10-03 00:00:00', '113.9000', '114.1887', '113.8798', '114.0311', '114.0311'),
(212, 3, '2016-10-03 00:00:00', '8.9625', '9.1848', '9.2345', '9.2662', '9.2662'),
(213, 2, '2016-10-03 00:00:00', '1.1236', '1.1215', '1.1216', '1.1199', '1.1199'),
(214, 1, '2016-10-04 00:00:00', '114.5000', '114.1243', '113.9005', '114.0293', '114.0293'),
(215, 3, '2016-10-04 00:00:00', '8.9175', '9.1730', '9.2270', '9.2619', '9.2619'),
(216, 2, '2016-10-04 00:00:00', '1.1161', '1.1216', '1.1218', '1.1199', '1.1199'),
(217, 1, '2016-10-05 00:00:00', '115.6500', '114.0800', '113.9300', '114.0358', '114.0358'),
(218, 3, '2016-10-05 00:00:00', '8.9872', '9.1597', '9.2190', '9.2571', '9.2571'),
(219, 2, '2016-10-05 00:00:00', '1.1211', '1.1215', '1.1218', '1.1199', '1.1199'),
(220, 1, '2016-10-06 00:00:00', '116.0000', '114.0937', '113.9787', '114.0579', '114.0579'),
(221, 3, '2016-10-06 00:00:00', '8.9938', '9.1511', '9.2120', '9.2534', '9.2534'),
(222, 2, '2016-10-06 00:00:00', '1.1185', '1.1217', '1.1219', '1.1199', '1.1199'),
(223, 1, '2016-10-07 00:00:00', '115.4400', '114.1140', '114.0332', '114.0842', '114.0842'),
(224, 3, '2016-10-07 00:00:00', '9.0010', '9.1438', '9.2052', '9.2499', '9.2499'),
(225, 2, '2016-10-07 00:00:00', '1.1140', '1.1218', '1.1219', '1.1199', '1.1199'),
(226, 1, '2016-10-08 00:00:00', '115.4400', '114.1543', '114.0640', '114.1023', '114.1023'),
(227, 3, '2016-10-08 00:00:00', '9.0010', '9.1374', '9.1985', '9.2466', '9.2466'),
(228, 2, '2016-10-08 00:00:00', '1.1140', '1.1215', '1.1220', '1.1198', '1.1198'),
(229, 1, '2016-10-09 00:00:00', '115.4400', '114.1757', '114.1002', '114.1199', '114.1199'),
(230, 3, '2016-10-09 00:00:00', '9.0010', '9.1309', '9.1925', '9.2433', '9.2433'),
(231, 2, '2016-10-09 00:00:00', '1.1140', '1.1210', '1.1221', '1.1197', '1.1197'),
(232, 1, '2016-10-10 00:00:00', '115.3900', '114.1620', '114.1393', '114.1370', '114.1370'),
(233, 3, '2016-10-10 00:00:00', '9.0448', '9.1227', '9.1883', '9.2402', '9.2402'),
(234, 2, '2016-10-10 00:00:00', '1.1160', '1.1205', '1.1220', '1.1197', '1.1197'),
(235, 1, '2016-10-11 00:00:00', '114.9000', '114.1467', '114.1783', '114.1531', '114.1531'),
(236, 3, '2016-10-11 00:00:00', '9.0395', '9.1160', '9.1852', '9.2377', '9.2377'),
(237, 2, '2016-10-11 00:00:00', '1.1079', '1.1202', '1.1221', '1.1196', '1.1196'),
(238, 1, '2016-10-12 00:00:00', '114.5000', '114.1150', '114.1972', '114.1625', '114.1625'),
(239, 3, '2016-10-12 00:00:00', '9.0290', '9.1091', '9.1831', '9.2352', '9.2352'),
(240, 2, '2016-10-12 00:00:00', '1.1020', '1.1196', '1.1219', '1.1195', '1.1195'),
(241, 1, '2016-10-13 00:00:00', '114.4900', '114.1190', '114.2093', '114.1668', '114.1668'),
(242, 3, '2016-10-13 00:00:00', '9.0768', '9.1010', '9.1809', '9.2326', '9.2326'),
(243, 2, '2016-10-13 00:00:00', '1.1038', '1.1189', '1.1217', '1.1192', '1.1192'),
(244, 1, '2016-10-14 00:00:00', '114.7600', '114.1027', '114.2213', '114.1707', '114.1707'),
(245, 3, '2016-10-14 00:00:00', '9.0248', '9.0958', '9.1795', '9.2307', '9.2307'),
(246, 2, '2016-10-14 00:00:00', '1.1002', '1.1182', '1.1215', '1.1190', '1.1190'),
(247, 1, '2016-10-15 00:00:00', '114.7600', '114.0823', '114.2512', '114.1779', '114.1779'),
(248, 3, '2016-10-15 00:00:00', '9.0248', '9.0875', '9.1769', '9.2282', '9.2282'),
(249, 2, '2016-10-15 00:00:00', '1.1002', '1.1174', '1.1212', '1.1188', '1.1188'),
(250, 1, '2016-10-16 00:00:00', '114.7600', '114.0750', '114.2848', '114.1849', '114.1849'),
(251, 3, '2016-10-16 00:00:00', '9.0248', '9.0795', '9.1739', '9.2257', '9.2257'),
(252, 2, '2016-10-16 00:00:00', '1.1002', '1.1166', '1.1207', '1.1186', '1.1186'),
(253, 1, '2016-10-17 00:00:00', '114.4600', '114.0887', '114.3053', '114.1918', '114.1918'),
(254, 3, '2016-10-17 00:00:00', '9.0315', '9.0716', '9.1696', '9.2233', '9.2233'),
(255, 2, '2016-10-17 00:00:00', '1.0994', '1.1159', '1.1202', '1.1184', '1.1184'),
(256, 1, '2016-10-18 00:00:00', '114.3700', '114.0923', '114.3197', '114.1949', '114.1949'),
(257, 3, '2016-10-18 00:00:00', '8.9565', '9.0639', '9.1661', '9.2211', '9.2211'),
(258, 2, '2016-10-18 00:00:00', '1.0993', '1.1151', '1.1197', '1.1182', '1.1182'),
(259, 1, '2016-10-19 00:00:00', '113.4900', '114.0930', '114.3337', '114.1970', '114.1970'),
(260, 3, '2016-10-19 00:00:00', '8.9585', '9.0537', '9.1603', '9.2180', '9.2180'),
(261, 2, '2016-10-19 00:00:00', '1.0979', '1.1143', '1.1191', '1.1179', '1.1179'),
(262, 1, '2016-10-20 00:00:00', '113.7600', '114.0877', '114.3330', '114.1889', '114.1889'),
(263, 3, '2016-10-20 00:00:00', '8.9625', '9.0440', '9.1546', '9.2150', '9.2150'),
(264, 2, '2016-10-20 00:00:00', '1.0980', '1.1137', '1.1186', '1.1177', '1.1177'),
(265, 1, '2016-10-21 00:00:00', '112.9600', '114.0820', '114.3368', '114.1840', '114.1840'),
(266, 3, '2016-10-21 00:00:00', '8.9538', '9.0339', '9.1488', '9.2121', '9.2121'),
(267, 2, '2016-10-21 00:00:00', '1.0886', '1.1130', '1.1180', '1.1175', '1.1175'),
(268, 1, '2016-10-22 00:00:00', '112.9600', '114.0977', '114.3240', '114.1702', '114.1702'),
(269, 3, '2016-10-22 00:00:00', '8.9538', '9.0246', '9.1426', '9.2092', '9.2092'),
(270, 2, '2016-10-22 00:00:00', '1.0886', '1.1121', '1.1173', '1.1172', '1.1172'),
(271, 1, '2016-10-23 00:00:00', '112.9600', '114.0900', '114.3153', '114.1568', '114.1568'),
(272, 3, '2016-10-23 00:00:00', '8.9538', '9.0195', '9.1370', '9.2064', '9.2064'),
(273, 2, '2016-10-23 00:00:00', '1.0886', '1.1110', '1.1165', '1.1168', '1.1168'),
(274, 1, '2016-10-24 00:00:00', '113.2900', '114.0880', '114.3155', '114.1159', '114.1436'),
(275, 3, '2016-10-24 00:00:00', '8.9855', '9.0145', '9.1322', '9.2013', '9.2036'),
(276, 2, '2016-10-24 00:00:00', '1.0891', '1.1099', '1.1159', '1.1167', '1.1165'),
(277, 1, '2016-10-25 00:00:00', '113.6500', '114.0970', '114.3128', '114.1006', '114.1343'),
(278, 3, '2016-10-25 00:00:00', '8.9868', '9.0106', '9.1273', '9.1963', '9.2013'),
(279, 2, '2016-10-25 00:00:00', '1.0872', '1.1088', '1.1152', '1.1166', '1.1162'),
(280, 1, '2016-10-26 00:00:00', '113.9700', '114.1180', '114.3182', '114.0719', '114.1291'),
(281, 3, '2016-10-26 00:00:00', '9.0425', '9.0067', '9.1229', '9.1913', '9.1990'),
(282, 2, '2016-10-26 00:00:00', '1.0925', '1.1076', '1.1145', '1.1165', '1.1159'),
(283, 1, '2016-10-27 00:00:00', '114.3900', '114.1467', '114.3288', '114.0478', '114.1274'),
(284, 3, '2016-10-27 00:00:00', '8.9858', '9.0038', '9.1195', '9.1869', '9.1973'),
(285, 2, '2016-10-27 00:00:00', '1.0927', '1.1065', '1.1139', '1.1163', '1.1157'),
(286, 1, '2016-10-28 00:00:00', '115.1000', '114.2090', '114.3465', '114.0429', '114.1302'),
(287, 3, '2016-10-28 00:00:00', '9.0445', '8.9996', '9.1151', '9.1811', '9.1951'),
(288, 2, '2016-10-28 00:00:00', '1.0922', '1.1055', '1.1133', '1.1161', '1.1154'),
(289, 1, '2016-10-29 00:00:00', '115.1000', '114.2813', '114.3608', '114.0459', '114.1403'),
(290, 3, '2016-10-29 00:00:00', '9.0445', '8.9981', '9.1113', '9.1759', '9.1935'),
(291, 2, '2016-10-29 00:00:00', '1.0922', '1.1045', '1.1129', '1.1159', '1.1152'),
(292, 1, '2016-10-30 00:00:00', '115.1000', '114.3220', '114.3747', '114.0489', '114.1502'),
(293, 3, '2016-10-30 00:00:00', '9.0445', '8.9983', '9.1072', '9.1707', '9.1920'),
(294, 2, '2016-10-30 00:00:00', '1.0922', '1.1035', '1.1125', '1.1157', '1.1149'),
(295, 1, '2016-10-31 00:00:00', '114.9700', '114.3890', '114.3762', '114.0580', '114.1599'),
(296, 3, '2016-10-31 00:00:00', '9.0345', '9.0002', '9.1033', '9.1663', '9.1905'),
(297, 2, '2016-10-31 00:00:00', '1.0946', '1.1027', '1.1122', '1.1154', '1.1147'),
(298, 1, '2016-11-01 00:00:00', '115.5700', '114.4517', '114.3658', '114.0719', '114.1681'),
(299, 3, '2016-11-01 00:00:00', '9.0213', '9.0018', '9.0988', '9.1618', '9.1889'),
(300, 2, '2016-11-01 00:00:00', '1.1025', '1.1020', '1.1118', '1.1151', '1.1145'),
(301, 1, '2016-11-02 00:00:00', '114.6200', '114.5343', '114.3615', '114.0980', '114.1821'),
(302, 3, '2016-11-02 00:00:00', '9.0735', '9.0030', '9.0939', '9.1573', '9.1872'),
(303, 2, '2016-11-02 00:00:00', '1.1095', '1.1016', '1.1115', '1.1149', '1.1144'),
(304, 1, '2016-11-03 00:00:00', '114.2500', '114.5583', '114.3413', '114.1198', '114.1864'),
(305, 3, '2016-11-03 00:00:00', '9.0575', '9.0067', '9.0898', '9.1536', '9.1861'),
(306, 2, '2016-11-03 00:00:00', '1.1064', '1.1011', '1.1114', '1.1149', '1.1143'),
(307, 1, '2016-11-04 00:00:00', '114.2400', '114.5500', '114.3150', '114.1367', '114.1871'),
(308, 3, '2016-11-04 00:00:00', '9.1098', '9.0113', '9.0855', '9.1498', '9.1848'),
(309, 2, '2016-11-04 00:00:00', '1.1093', '1.1008', '1.1112', '1.1148', '1.1143'),
(310, 1, '2016-11-05 00:00:00', '114.2400', '114.5030', '114.2983', '114.1534', '114.1876'),
(311, 3, '2016-11-05 00:00:00', '9.1098', '9.0154', '9.0833', '9.1465', '9.1841'),
(312, 2, '2016-11-05 00:00:00', '1.1093', '1.1004', '1.1111', '1.1147', '1.1142'),
(313, 1, '2016-11-06 00:00:00', '114.2400', '114.4443', '114.2792', '114.1702', '114.1881'),
(314, 3, '2016-11-06 00:00:00', '9.1098', '9.0193', '9.0816', '9.1433', '9.1834'),
(315, 2, '2016-11-06 00:00:00', '1.1093', '1.1001', '1.1109', '1.1146', '1.1142'),
(316, 1, '2016-11-07 00:00:00', '115.4000', '114.4043', '114.2793', '114.1774', '114.1886'),
(317, 3, '2016-11-07 00:00:00', '9.1035', '9.0229', '9.0802', '9.1400', '9.1827'),
(318, 2, '2016-11-07 00:00:00', '1.1062', '1.0999', '1.1107', '1.1146', '1.1141'),
(319, 1, '2016-11-08 00:00:00', '115.6600', '114.4030', '114.2893', '114.2011', '114.2000'),
(320, 3, '2016-11-08 00:00:00', '9.0753', '9.0263', '9.0786', '9.1371', '9.1819'),
(321, 2, '2016-11-08 00:00:00', '1.1038', '1.0997', '1.1103', '1.1146', '1.1140'),
(322, 1, '2016-11-09 00:00:00', '114.5400', '114.4103', '114.2862', '114.2297', '114.2136'),
(323, 3, '2016-11-09 00:00:00', '9.1193', '9.0288', '9.0758', '9.1351', '9.1809'),
(324, 2, '2016-11-09 00:00:00', '1.1022', '1.0993', '1.1099', '1.1145', '1.1140'),
(325, 1, '2016-11-10 00:00:00', '116.4000', '114.3820', '114.2643', '114.2462', '114.2167'),
(326, 3, '2016-11-10 00:00:00', '9.0733', '9.0313', '9.0736', '9.1339', '9.1804'),
(327, 2, '2016-11-10 00:00:00', '1.0895', '1.0989', '1.1095', '1.1143', '1.1138'),
(328, 1, '2016-11-11 00:00:00', '115.9600', '114.4320', '114.2735', '114.2754', '114.2367'),
(329, 3, '2016-11-11 00:00:00', '9.1148', '9.0324', '9.0707', '9.1329', '9.1794'),
(330, 2, '2016-11-11 00:00:00', '1.0904', '1.0983', '1.1089', '1.1140', '1.1136'),
(331, 1, '2016-11-12 00:00:00', '115.9600', '114.4807', '114.2998', '114.2998', '114.2524'),
(332, 3, '2016-11-12 00:00:00', '9.1148', '9.0353', '9.0681', '9.1324', '9.1788'),
(333, 2, '2016-11-12 00:00:00', '1.0904', '1.0979', '1.1084', '1.1137', '1.1134'),
(334, 1, '2016-11-13 00:00:00', '115.9600', '114.5297', '114.3162', '114.3241', '114.2677'),
(335, 3, '2016-11-13 00:00:00', '9.1148', '9.0365', '9.0662', '9.1318', '9.1782'),
(336, 2, '2016-11-13 00:00:00', '1.0904', '1.0974', '1.1078', '1.1135', '1.1132'),
(337, 1, '2016-11-14 00:00:00', '116.2700', '114.5697', '114.3260', '114.3573', '114.2829'),
(338, 3, '2016-11-14 00:00:00', '9.1350', '9.0395', '9.0635', '9.1311', '9.1776'),
(339, 2, '2016-11-14 00:00:00', '1.0777', '1.0971', '1.1073', '1.1132', '1.1130'),
(340, 1, '2016-11-15 00:00:00', '116.5500', '114.6200', '114.3475', '114.3966', '114.3004'),
(341, 3, '2016-11-15 00:00:00', '9.0848', '9.0432', '9.0614', '9.1303', '9.1773'),
(342, 2, '2016-11-15 00:00:00', '1.0765', '1.0963', '1.1065', '1.1126', '1.1127'),
(343, 1, '2016-11-16 00:00:00', '117.2500', '114.6797', '114.3842', '114.4301', '114.3202'),
(344, 3, '2016-11-16 00:00:00', '9.0720', '9.0452', '9.0584', '9.1281', '9.1765'),
(345, 2, '2016-11-16 00:00:00', '1.0702', '1.0956', '1.1057', '1.1120', '1.1124'),
(346, 1, '2016-11-17 00:00:00', '117.1200', '114.7727', '114.4325', '114.4707', '114.3457'),
(347, 3, '2016-11-17 00:00:00', '9.0878', '9.0466', '9.0552', '9.1263', '9.1755'),
(348, 2, '2016-11-17 00:00:00', '1.0717', '1.0946', '1.1048', '1.1113', '1.1120'),
(349, 1, '2016-11-18 00:00:00', '116.9500', '114.8643', '114.4787', '114.5106', '114.3696'),
(350, 3, '2016-11-18 00:00:00', '9.1038', '9.0509', '9.0523', '9.1239', '9.1748'),
(351, 2, '2016-11-18 00:00:00', '1.0629', '1.0937', '1.1040', '1.1107', '1.1117'),
(352, 1, '2016-11-19 00:00:00', '116.9500', '114.9797', '114.5337', '114.5486', '114.3916'),
(353, 3, '2016-11-19 00:00:00', '9.1038', '9.0558', '9.0499', '9.1216', '9.1742'),
(354, 2, '2016-11-19 00:00:00', '1.0629', '1.0925', '1.1031', '1.1099', '1.1112'),
(355, 1, '2016-11-20 00:00:00', '116.9500', '115.0860', '114.5840', '114.5866', '114.4133'),
(356, 3, '2016-11-20 00:00:00', '9.1038', '9.0605', '9.0472', '9.1194', '9.1736'),
(357, 2, '2016-11-20 00:00:00', '1.0629', '1.0913', '1.1022', '1.1091', '1.1108'),
(358, 1, '2016-11-21 00:00:00', '117.5900', '115.2190', '114.6583', '114.6223', '114.4346'),
(359, 3, '2016-11-21 00:00:00', '9.0843', '9.0655', '9.0450', '9.1169', '9.1730'),
(360, 2, '2016-11-21 00:00:00', '1.0631', '1.0905', '1.1013', '1.1083', '1.1104');

-- --------------------------------------------------------

--
-- Structure de la table `devise`
--

CREATE TABLE `devise` (
  `id` int(11) NOT NULL,
  `label` varchar(255) COLLATE utf8_unicode_ci DEFAULT NULL,
  `code` varchar(5) COLLATE utf8_unicode_ci DEFAULT NULL,
  `code_webservice` varchar(20) COLLATE utf8_unicode_ci DEFAULT NULL,
  `cours_jour` decimal(10,4) DEFAULT NULL,
  `jour` datetime DEFAULT NULL,
  `moyenne_30_jours` decimal(10,4) DEFAULT NULL,
  `moyenne_60_jours` decimal(10,4) DEFAULT NULL,
  `moyenne_90_jours` decimal(10,4) DEFAULT NULL,
  `moyenne_120_jours` decimal(10,4) DEFAULT NULL,
  `symbole` varchar(10) COLLATE utf8_unicode_ci DEFAULT NULL
) ENGINE=InnoDB DEFAULT CHARSET=utf8 COLLATE=utf8_unicode_ci;

--
-- Contenu de la table `devise`
--

INSERT INTO `devise` (`id`, `label`, `code`, `code_webservice`, `cours_jour`, `jour`, `moyenne_30_jours`, `moyenne_60_jours`, `moyenne_90_jours`, `moyenne_120_jours`, `symbole`) VALUES
(1, 'Yen', 'JPY', 'JPY', '117.5900', '2016-11-21 00:00:00', '115.2190', '114.6583', '114.6223', '114.4346', '¥'),
(2, 'Dollars', 'USD', 'USD', '1.0631', '2016-11-21 00:00:00', '1.0905', '1.1013', '1.1083', '1.1104', '$'),
(3, 'Couronne Norvégienne', 'NOK', 'NOK', '9.0843', '2016-11-21 00:00:00', '9.0655', '9.0450', '9.1169', '9.1730', NULL);

-- --------------------------------------------------------

--
-- Structure de la table `news`
--

CREATE TABLE `news` (
  `id` int(11) NOT NULL,
  `date_creation` datetime NOT NULL,
  `titre` varchar(255) COLLATE utf8_unicode_ci NOT NULL,
  `corps` longtext COLLATE utf8_unicode_ci NOT NULL,
  `date_mise_en_ligne` datetime NOT NULL
) ENGINE=InnoDB DEFAULT CHARSET=utf8 COLLATE=utf8_unicode_ci;

--
-- Contenu de la table `news`
--

INSERT INTO `news` (`id`, `date_creation`, `titre`, `corps`, `date_mise_en_ligne`) VALUES
(1, '2016-10-29 00:00:00', 'Run 1 : Configuration technique', '\r\n            <ul>\r\n            <li>Création compte github & configuration</li>\r\n<li>Mise en place de la page Wiki</li>\r\n<li>Mise en place des runs</li>\r\n<li>Installation de PHPstorm</li>\r\n<li>Installation de Symfony</li>\r\n<li>Installation de Bootstrap</li>\r\n<li>Installation de vendors tels que FosUserBundle et FosJsRouting</li>\r\n<li>Mise en place de l''architecture du projet</li>\r\n</ul>\r\n<br/>\r\nDébut : Samedi 29 Octobre<br/>\r\n<br/>\r\nFin estimé : Jeudi 03 Novembre<br/>\r\n            ', '2016-11-03 00:00:00'),
(2, '2016-11-04 00:00:00', 'Run 2 : Création des entités', '\r\n            <ul>\r\n            <li>Mise en place du modèle objet</li>\r\n<li>Mise en place des fixtures</li>\r\n<li>Système de news</li>\r\n<li>Alimentation par le webservice & enregistrement de la donnée de référence</li>\r\n</ul>\r\n<br/>\r\nDébut : Vendredi 04 Novembre<br/>\r\n<br/>\r\nFin estimé : Dimanche 27 Novembre<br/>\r\n<br/>\r\nFin réel : Mardi 8 Novembre<br/>\r\n            ', '2016-11-08 00:00:00');

-- --------------------------------------------------------

--
-- Structure de la table `suivi_devise`
--

CREATE TABLE `suivi_devise` (
  `id` int(11) NOT NULL,
  `devise_id` int(11) DEFAULT NULL,
  `user_id` int(11) DEFAULT NULL,
  `seuil_min` decimal(10,2) NOT NULL,
  `seuil_max` decimal(10,2) DEFAULT NULL,
  `date_alerte` datetime DEFAULT NULL
) ENGINE=InnoDB DEFAULT CHARSET=utf8 COLLATE=utf8_unicode_ci;

--
-- Contenu de la table `suivi_devise`
--

INSERT INTO `suivi_devise` (`id`, `devise_id`, `user_id`, `seuil_min`, `seuil_max`, `date_alerte`) VALUES
(1, 1, 1, '110.00', '120.00', NULL);

-- --------------------------------------------------------

--
-- Structure de la table `user`
--

CREATE TABLE `user` (
  `id` int(11) NOT NULL,
  `username` varchar(180) COLLATE utf8_unicode_ci NOT NULL,
  `username_canonical` varchar(180) COLLATE utf8_unicode_ci NOT NULL,
  `email` varchar(180) COLLATE utf8_unicode_ci NOT NULL,
  `email_canonical` varchar(180) COLLATE utf8_unicode_ci NOT NULL,
  `enabled` tinyint(1) NOT NULL,
  `salt` varchar(255) COLLATE utf8_unicode_ci NOT NULL,
  `password` varchar(255) COLLATE utf8_unicode_ci NOT NULL,
  `last_login` datetime DEFAULT NULL,
  `locked` tinyint(1) NOT NULL,
  `expires_at` datetime DEFAULT NULL,
  `confirmation_token` varchar(180) COLLATE utf8_unicode_ci DEFAULT NULL,
  `password_requested_at` datetime DEFAULT NULL,
  `roles` longtext COLLATE utf8_unicode_ci NOT NULL COMMENT '(DC2Type:array)',
  `credentials_expire_at` datetime DEFAULT NULL
) ENGINE=InnoDB DEFAULT CHARSET=utf8 COLLATE=utf8_unicode_ci;

--
-- Contenu de la table `user`
--

INSERT INTO `user` (`id`, `username`, `username_canonical`, `email`, `email_canonical`, `enabled`, `salt`, `password`, `last_login`, `locked`, `expires_at`, `confirmation_token`, `password_requested_at`, `roles`, `credentials_expire_at`) VALUES
(1, 'jcognet@gmail.com', 'jcognet@gmail.com', 'jcognet@gmail.com', 'jcognet@gmail.com', 1, 'a7itvn0w79k48ck0okkkkogkkccow48', '$2y$13$amJ7fin2OJ2mX0bMCDWEXOfU7K3FNnrqQJLp5WBtMVRfmPqPFIcbq', NULL, 0, NULL, NULL, NULL, 'a:1:{i:0;s:16:"ROLE_SUPER_ADMIN";}', NULL);

--
-- Index pour les tables exportées
--

--
-- Index pour la table `cours_journee`
--
ALTER TABLE `cours_journee`
  ADD PRIMARY KEY (`id`),
  ADD KEY `IDX_9F11F396F4445056` (`devise_id`);

--
-- Index pour la table `devise`
--
ALTER TABLE `devise`
  ADD PRIMARY KEY (`id`);

--
-- Index pour la table `news`
--
ALTER TABLE `news`
  ADD PRIMARY KEY (`id`);

--
-- Index pour la table `suivi_devise`
--
ALTER TABLE `suivi_devise`
  ADD PRIMARY KEY (`id`),
  ADD KEY `IDX_E129D98DF4445056` (`devise_id`),
  ADD KEY `IDX_E129D98DA76ED395` (`user_id`);

--
-- Index pour la table `user`
--
ALTER TABLE `user`
  ADD PRIMARY KEY (`id`),
  ADD UNIQUE KEY `UNIQ_8D93D64992FC23A8` (`username_canonical`),
  ADD UNIQUE KEY `UNIQ_8D93D649A0D96FBF` (`email_canonical`),
  ADD UNIQUE KEY `UNIQ_8D93D649C05FB297` (`confirmation_token`);

--
-- AUTO_INCREMENT pour les tables exportées
--

--
-- AUTO_INCREMENT pour la table `cours_journee`
--
ALTER TABLE `cours_journee`
  MODIFY `id` int(11) NOT NULL AUTO_INCREMENT, AUTO_INCREMENT=361;
--
-- AUTO_INCREMENT pour la table `devise`
--
ALTER TABLE `devise`
  MODIFY `id` int(11) NOT NULL AUTO_INCREMENT, AUTO_INCREMENT=4;
--
-- AUTO_INCREMENT pour la table `news`
--
ALTER TABLE `news`
  MODIFY `id` int(11) NOT NULL AUTO_INCREMENT, AUTO_INCREMENT=3;
--
-- AUTO_INCREMENT pour la table `suivi_devise`
--
ALTER TABLE `suivi_devise`
  MODIFY `id` int(11) NOT NULL AUTO_INCREMENT, AUTO_INCREMENT=2;
--
-- AUTO_INCREMENT pour la table `user`
--
ALTER TABLE `user`
  MODIFY `id` int(11) NOT NULL AUTO_INCREMENT, AUTO_INCREMENT=2;
--
-- Contraintes pour les tables exportées
--

--
-- Contraintes pour la table `cours_journee`
--
ALTER TABLE `cours_journee`
  ADD CONSTRAINT `FK_9F11F396F4445056` FOREIGN KEY (`devise_id`) REFERENCES `devise` (`id`);

--
-- Contraintes pour la table `suivi_devise`
--
ALTER TABLE `suivi_devise`
  ADD CONSTRAINT `FK_E129D98DA76ED395` FOREIGN KEY (`user_id`) REFERENCES `user` (`id`),
  ADD CONSTRAINT `FK_E129D98DF4445056` FOREIGN KEY (`devise_id`) REFERENCES `devise` (`id`);

/*!40101 SET CHARACTER_SET_CLIENT=@OLD_CHARACTER_SET_CLIENT */;
/*!40101 SET CHARACTER_SET_RESULTS=@OLD_CHARACTER_SET_RESULTS */;
/*!40101 SET COLLATION_CONNECTION=@OLD_COLLATION_CONNECTION */;
